code,id,iddhis,etablissements,categories,region,prefecture
F1538,1538,YzDlCRuWzJW,CSU TELIMELE,CENTRE DE SANTE,KINDIA,TELIMELE
F1391,1391,gcx7MsXj4KK,CSU KOLOMA,CENTRE DE SANTE,CONAKRY,RATOMA
F1475,1475,jilkezLMuVj,CSR TINTIOULEN,CENTRE DE SANTE,KANKAN,KANKAN
F1779,1779,LSdejPq33sK,HN DONKA,HOPITAL NATIONAL,CONAKRY,DIXINN
F1780,1780,ie3fGBEEPXs,HN IGNACE DEEN,HOPITAL NATIONAL,CONAKRY,KALOUM
F1757,1757,l142bHt2JSO,HP KOUROUSSA,HOPITAL PREFECTORAL/CMC,KANKAN,KOUROUSSA
F1759,1759,lLODQp7NlBI,HP MANDIANA,HOPITAL PREFECTORAL/CMC,KANKAN,MANDIANA
F1761,1761,WoPH8FL0fjN,HP FORECARIAH,HOPITAL PREFECTORAL/CMC,KINDIA,FORECARIAH
F1762,1762,X36TUCzthgW,HP COYAH,HOPITAL PREFECTORAL/CMC,KINDIA,COYAH
F1764,1764,qflVNnOZGE7,HP DUBREKA,HOPITAL PREFECTORAL/CMC,KINDIA,DUBREKA
F1766,1766,t960ZbiFmVI,HP LELOUMA,HOPITAL PREFECTORAL/CMC,LABE,LELOUMA
F1547,1547,rrWYVraLeNZ,CSR SAREKALY,CENTRE DE SANTE,KINDIA,TELIMELE
F1738,1738,d3BcbGMMar6,CSR PELA,CENTRE DE SANTE,NZEREKORE,YOMOU
F1740,1740,sGoPtbQESWv,HR KINDIA,HOPITAL REGIONAL,KINDIA,KINDIA
F1741,1741,zkoZkGZVj3r,HR MAMOU,HOPITAL REGIONAL,MAMOU,MAMOU
F1743,1743,stKgHqx8ent,HR FARANAH,HOPITAL REGIONAL,FARANAH,FARANAH
F1744,1744,Io2v0J90ZWH,HR KANKAN,HOPITAL REGIONAL,KANKAN,KANKAN
F1745,1745,cLQY34IxUlh,HR NZEREKORE,HOPITAL REGIONAL,NZEREKORE,NZEREKORE
F1768,1768,kq9sgvPVuYw,HP TOUGUE,HOPITAL PREFECTORAL/CMC,LABE,TOUGUE
F1548,1548,H5cWKIlmM84,CSR SINTA,CENTRE DE SANTE,KINDIA,TELIMELE
F1634,1634,HKUugxQaepN,CSR GONGORET,CENTRE DE SANTE,MAMOU,MAMOU
F1637,1637,sPaIYvsgKZu,CSR KONKOURE,CENTRE DE SANTE,MAMOU,MAMOU
F1642,1642,HQBbiz5TRUi,CSR SOYAH,CENTRE DE SANTE,MAMOU,MAMOU
F1644,1644,W11exkSa9xs,CSR TIMBO,CENTRE DE SANTE,MAMOU,MAMOU
F1758,1758,AEx7uGNgg33,HP KEROUANE,HOPITAL PREFECTORAL/CMC,KANKAN,KEROUANE
F1789,1789,L1Gr2bAsR4T,DPS BOFFA,SUPERVISEUR PREFECTORAL,BOKE,BOFFA
F1791,1791,jiGkwTWpBeq,DPS FRIA,SUPERVISEUR PREFECTORAL,BOKE,FRIA
F1792,1792,Motdz3Bql7L,DPS GAOUAL,SUPERVISEUR PREFECTORAL,BOKE,GAOUAL
F1793,1793,pChTVBEAPJJ,DPS KOUNDARA,SUPERVISEUR PREFECTORAL,BOKE,KOUNDARA
F1799,1799,qmVkCsfziWM,DPS FARANAH,SUPERVISEUR PREFECTORAL,FARANAH,FARANAH
F1800,1800,IPv04VSahDi,DPS DINGUIRAYE,SUPERVISEUR PREFECTORAL,FARANAH,DINGUIRAYE
F1748,1748,pmDjXPcx6B4,HP FRIA,HOPITAL PREFECTORAL/CMC,BOKE,FRIA
F1749,1749,E1ebCbKxJCc,HP GAOUAL,HOPITAL PREFECTORAL/CMC,BOKE,GAOUAL
F1750,1750,wbkLDoXgzQW,HP KOUNDARA,HOPITAL PREFECTORAL/CMC,BOKE,KOUNDARA
F1752,1752,qgE5wMbSBSS,HP DINGUIRAYE,HOPITAL PREFECTORAL/CMC,FARANAH,DINGUIRAYE
F1753,1753,OY8v1qFPmk8,HP DABOLA,HOPITAL PREFECTORAL/CMC,FARANAH,DABOLA
F1754,1754,NqlCwU2gdGb,HP KISSIDOUGOU,HOPITAL PREFECTORAL/CMC,FARANAH,KISSIDOUGOU
F1769,1769,PFR9xVTv7wi,HP KOUBIA,HOPITAL PREFECTORAL/CMC,LABE,KOUBIA
F1770,1770,B65pINrhpEe,HP DALABA,HOPITAL PREFECTORAL/CMC,MAMOU,DALABA
F1773,1773,Hfda6YG5Bmm,HP BEYLA,HOPITAL PREFECTORAL/CMC,NZEREKORE,BEYLA
F1775,1775,csp7jLvJqce,HP LOLA,HOPITAL PREFECTORAL/CMC,NZEREKORE,LOLA
F1795,1795,gHO8qPxfLdl,DCS DIXINN,SUPERVISEUR PREFECTORAL,CONAKRY,DIXINN
F1796,1796,CoKlGkkiN4a,DCS MATAM,SUPERVISEUR PREFECTORAL,CONAKRY,MATAM
F1797,1797,jIFb011EBWB,DCS MATOTO,SUPERVISEUR PREFECTORAL,CONAKRY,MATOTO
F1870,1870,Tr2cfRzLZuY,CMC KONDEYA,HOPITAL PREFECTORAL/CMC,KINDIA,DUBREKA
F1801,1801,GUSZlo8f9t8,DPS DABOLA,SUPERVISEUR PREFECTORAL,FARANAH,DABOLA
F1806,1806,dkWnjo1bSrU,DPS KEROUANE,SUPERVISEUR PREFECTORAL,KANKAN,KEROUANE
F1808,1808,zmSjEUspuVL,DPS KINDIA,SUPERVISEUR PREFECTORAL,KINDIA,KINDIA
F1810,1810,XyILV847rS7,DPS COYAH,SUPERVISEUR PREFECTORAL,KINDIA,COYAH
F1811,1811,C4dKrWoT5au,DPS TELIMELE,SUPERVISEUR PREFECTORAL,KINDIA,TELIMELE
F1812,1812,VyZGMioVY5z,DPS DUBREKA,SUPERVISEUR PREFECTORAL,KINDIA,DUBREKA
F1813,1813,E1AAcXV9PxL,DPS LABE,SUPERVISEUR PREFECTORAL,LABE,LABE
F1814,1814,GuePjEvd6OH,DPS LELOUMA,SUPERVISEUR PREFECTORAL,LABE,LELOUMA
F1815,1815,zJZspSfD06r,DPS MALI,SUPERVISEUR PREFECTORAL,LABE,MALI
F1816,1816,XraGmJ5tF7e,DPS TOUGUE,SUPERVISEUR PREFECTORAL,LABE,TOUGUE
F1553,1553,jt38nFb9Nao,CSR FALESSADE,CENTRE DE SANTE,KINDIA,DUBREKA
F1554,1554,vplTWFkL8jR,CSR KHORIRA,CENTRE DE SANTE,KINDIA,DUBREKA
F1555,1555,iFsNfOvlaFb,CSR KONDEYA,CENTRE DE SANTE,KINDIA,DUBREKA
F1556,1556,hwqhGQbaAx3,CSR BADY,CENTRE DE SANTE,KINDIA,DUBREKA
F1559,1559,m5LtPEwjQPg,CSR WASSOU,CENTRE DE SANTE,KINDIA,DUBREKA
F1566,1566,EEP89UQ08xm,CSR DALEIN,CENTRE DE SANTE,LABE,LABE
F1567,1567,RVBoRJYooKd,CSR DARALABE,CENTRE DE SANTE,LABE,LABE
F1569,1569,r1cAXDMToBm,CSR DIONFO,CENTRE DE SANTE,LABE,LABE
F1570,1570,NPAeEXVObH1,CSR GARAMBE,CENTRE DE SANTE,LABE,LABE
F1571,1571,T4YVt2J1EEM,CSR HAFIA,CENTRE DE SANTE,LABE,LABE
F1572,1572,PtzwobWy8RS,CSR KALAN,CENTRE DE SANTE,LABE,LABE
F1573,1573,LiYfnAp2P0E,CSR KOURAMANGUI,CENTRE DE SANTE,LABE,LABE
F1574,1574,Jjdgyyjordl,CSR NOUSSY,CENTRE DE SANTE,LABE,LABE
F1575,1575,cOiftjBTEaS,CSR POPODARA,CENTRE DE SANTE,LABE,LABE
F1577,1577,YMefJBrmn4y,CSR TOUNTOUROU,CENTRE DE SANTE,LABE,LABE
F1579,1579,g4qG694Z3Cu,CSR BALAYA,CENTRE DE SANTE,LABE,LELOUMA
F1580,1580,gS9qLI4XpL6,CSR DIOUNTOU,CENTRE DE SANTE,LABE,LELOUMA
F1581,1581,CBeBTYGWEru,CSR HERICO,CENTRE DE SANTE,LABE,LELOUMA
F1584,1584,URgixZT2nxI,CSR LINSAN SARAN,CENTRE DE SANTE,LABE,LELOUMA
F1585,1585,dMRp3qr2nLO,CSR MANDA SARAN,CENTRE DE SANTE,LABE,LELOUMA
F1586,1586,yoffldQd0YO,CSR PARAWOL,CENTRE DE SANTE,LABE,LELOUMA
F1589,1589,Gm17r63t8wC,CSU MALI,CENTRE DE SANTE,LABE,MALI
F1590,1590,G7EHQx0UZjy,CSR BALAKI,CENTRE DE SANTE,LABE,MALI
F1591,1591,IkP97HoztF3,CSR DOGHEL SIGON,CENTRE DE SANTE,LABE,MALI
F1592,1592,jFtZ8NIIsdT,CSR DOUGOUNTOUNI,CENTRE DE SANTE,LABE,MALI
F1593,1593,aRObHMfdgjm,CSR FOUGOU,CENTRE DE SANTE,LABE,MALI
F1595,1595,t4YNPuq2xhV,CSR HIDAYATOU,CENTRE DE SANTE,LABE,MALI
F1601,1601,Yd6QBVflVjZ,CSA YEMBERING,CENTRE DE SANTE,LABE,MALI
F1603,1603,ZTIpaOY3iTB,CSR FATAKO,CENTRE DE SANTE,LABE,TOUGUE
F1604,1604,k6l1HDNajPB,CSR FELLO KOUNDOUA,CENTRE DE SANTE,LABE,TOUGUE
F1605,1605,T48ex5I35R4,CSR KANSAGUI,CENTRE DE SANTE,LABE,TOUGUE
F1606,1606,YwE48KrawWF,CSR KOIN,CENTRE DE SANTE,LABE,TOUGUE
F1607,1607,LBa3a6dtU5v,CSR KOLLANGUI,CENTRE DE SANTE,LABE,TOUGUE
F1609,1609,V1zbouvJ31N,CSR KONAH,CENTRE DE SANTE,LABE,TOUGUE
F1610,1610,aKxyFEzUzl5,CSR KOURATONGO,CENTRE DE SANTE,LABE,TOUGUE
F1639,1639,AaDtmtjtU54,CSR OUREKABA,CENTRE DE SANTE,MAMOU,MAMOU
F1661,1661,lbzHzRUFi5k,CSR BOOLA,CENTRE DE SANTE,NZEREKORE,BEYLA
F1739,1739,anZ56sWC5l5,HR BOKE,HOPITAL REGIONAL,BOKE,BOKE
F1847,1847,M0XRmyVQP44,CSU MATOTO,CENTRE DE SANTE,CONAKRY,MATOTO
F1436,1436,S5nL3bNKsYS,CSR FIRAWA,CENTRE DE SANTE,FARANAH,KISSIDOUGOU
F1437,1437,ZeSXnDUsFGS,CSR GBANGBADOU,CENTRE DE SANTE,FARANAH,KISSIDOUGOU
F1438,1438,yWbQOr3dQl1,CSR KONDIADOU,CENTRE DE SANTE,FARANAH,KISSIDOUGOU
F1440,1440,uS9dUbgRxjQ,CSR MANFRAN,CENTRE DE SANTE,FARANAH,KISSIDOUGOU
F1441,1441,Wd8gPFX6f30,CSR SANGARDO,CENTRE DE SANTE,FARANAH,KISSIDOUGOU
F1443,1443,K6BdxyZQUAf,CSR YOMBIRO,CENTRE DE SANTE,FARANAH,KISSIDOUGOU
F1454,1454,y9rcTqvmTBZ,CSR NIAGASSOLA,CENTRE DE SANTE,KANKAN,SIGUIRI
F1455,1455,m36NmjgKeq6,CSR NIANDANKORO,CENTRE DE SANTE,KANKAN,SIGUIRI
F1459,1459,qgK2ocJKbyN,CSU KABADA,CENTRE DE SANTE,KANKAN,KANKAN
F1462,1462,uOTKiV4t84w,CSU SALAMANI,CENTRE DE SANTE,KANKAN,KANKAN
F1464,1464,RFqkrJagRrf,CSU SENKEFARA,CENTRE DE SANTE,KANKAN,KANKAN
F1470,1470,GeVDPeyByje,CSR DE KOUMBAN,CENTRE DE SANTE,KANKAN,KANKAN
F1471,1471,QbemFB0huj4,CSR MAMOUROUDOU,CENTRE DE SANTE,KANKAN,KANKAN
F1472,1472,TfgxMf5xK6z,CSR MISSAMANA,CENTRE DE SANTE,KANKAN,KANKAN
F1479,1479,qc6mpUu66Sl,CSR BALATO,CENTRE DE SANTE,KANKAN,KOUROUSSA
F1489,1489,nVgSTvGxqzs,CSU KEROUANE,CENTRE DE SANTE,KANKAN,KEROUANE
F1522,1522,SfOHkwEfer2,CSR SOUGUETA,CENTRE DE SANTE,KINDIA,KINDIA
F1534,1534,f3fgNX7tfzX,CSU DOUMBOUYAH,CENTRE DE SANTE,KINDIA,COYAH
F1535,1535,Bi3hy0HssQa,CSR KOURIAH,CENTRE DE SANTE,KINDIA,COYAH
F1602,1602,eOazGU11seA,CSU TOUGUE,CENTRE DE SANTE,LABE,TOUGUE
F1608,1608,mfhDGvNP9rI,CSR KOLLET (TOUGUE),CENTRE DE SANTE,LABE,TOUGUE
F1611,1611,jwNS648Ny7J,CSR TANGALY,CENTRE DE SANTE,LABE,TOUGUE
F1614,1614,AIFl2JwvDZJ,CSR GADHA WOUNDOU,CENTRE DE SANTE,LABE,KOUBIA
F1615,1615,mCitkPSnRwJ,CSR MATAKAOU,CENTRE DE SANTE,LABE,KOUBIA
F1616,1616,EwryfoG5tbb,CSR MISSIRA (KOUBIA),CENTRE DE SANTE,LABE,KOUBIA
F1617,1617,Ph6d03qcthy,CSR PILIMINI,CENTRE DE SANTE,LABE,KOUBIA
F1619,1619,MjNyOBXTTNd,CSR BODIE,CENTRE DE SANTE,MAMOU,DALABA
F1625,1625,K4DclvO2MI3,CSR MAFARA,CENTRE DE SANTE,MAMOU,DALABA
F1626,1626,Y9xPOTrTxf7,CSR  MITTY,CENTRE DE SANTE,MAMOU,DALABA
F1627,1627,f9Pvq406cC4,CSR MOMBEYA,CENTRE DE SANTE,MAMOU,DALABA
F1630,1630,Z58crNCBzCq,CSU SABOU,CENTRE DE SANTE,MAMOU,MAMOU
F1631,1631,J3R0MVIeJSd,CSU SERE,CENTRE DE SANTE,MAMOU,MAMOU
F1633,1633,v4j2WPmuRZE,CSR DOUNET,CENTRE DE SANTE,MAMOU,MAMOU
F1643,1643,qymd0wHpZ16,CSR TEGUEREYA,CENTRE DE SANTE,MAMOU,MAMOU
F1645,1645,gh9p4BsaLPa,CSR TOLO,CENTRE DE SANTE,MAMOU,MAMOU
F1650,1650,VyzWPHMIrCf,CSR  DONGHOL TOUMA,CENTRE DE SANTE,MAMOU,PITA
F1656,1656,aFnargN0aRq,CSR SINTALY,CENTRE DE SANTE,MAMOU,PITA
F1657,1657,rUe1AI1Hl9s,CSR  TIMBI MADINA,CENTRE DE SANTE,MAMOU,PITA
F1658,1658,b9uttZeIeG1,CSR  TIMBI TOUNNI,CENTRE DE SANTE,MAMOU,PITA
F1659,1659,mKIpxHkK3xU,CSU DIAKOLIDOU,CENTRE DE SANTE,NZEREKORE,BEYLA
F1660,1660,LsJFcxbldhK,CSU SOBAKONO,CENTRE DE SANTE,NZEREKORE,BEYLA
F1662,1662,l9JBmP0NvOb,CSR DIARAGUERELA,CENTRE DE SANTE,NZEREKORE,BEYLA
F1663,1663,NdwyFj2ZzPe,CSR DIASSODOU,CENTRE DE SANTE,NZEREKORE,BEYLA
F1664,1664,bswnlnyzgg3,CSR FOUALA,CENTRE DE SANTE,NZEREKORE,BEYLA
F1666,1666,Y5s7pUycuEw,CSR GBESSOBA,CENTRE DE SANTE,NZEREKORE,BEYLA
F1667,1667,OJBEsdOw9Gy,CSR KARALA,CENTRE DE SANTE,NZEREKORE,BEYLA
F1668,1668,yQDBdtF7gur,CSR KOUMANDOU,CENTRE DE SANTE,NZEREKORE,BEYLA
F1669,1669,GWz2YVfi85b,CSR MOUSSADOU,CENTRE DE SANTE,NZEREKORE,BEYLA
F1670,1670,VUEIFpkhHCK,CSR NIONSOMORIDOU,CENTRE DE SANTE,NZEREKORE,BEYLA
F1671,1671,LOGYRBob7AF,CSR SAMANA,CENTRE DE SANTE,NZEREKORE,BEYLA
F1672,1672,rytGLgUQgek,CSR SINKO,CENTRE DE SANTE,NZEREKORE,BEYLA
F1746,1746,D37scsqqBLs,HP BOFFA,HOPITAL PREFECTORAL/CMC,BOKE,BOFFA
F1794,1794,cbst9kz3DHp,DCS KALOUM,SUPERVISEUR PREFECTORAL,CONAKRY,KALOUM
F1431,1431,YObsSPoWz0O,CSR BANAMA,CENTRE DE SANTE,FARANAH,KISSIDOUGOU
F1435,1435,tjnwQX9Ofsy,CSR FERMESSADOU,CENTRE DE SANTE,FARANAH,KISSIDOUGOU
F1444,1444,v5Yv3bwiOdH,CSU BOLIBANA,CENTRE DE SANTE,KANKAN,SIGUIRI
F1445,1445,ifdAy4aV9fT,CSU SIGUIRIKORO,CENTRE DE SANTE,KANKAN,SIGUIRI
F1446,1446,n0E5SadJwYx,CSU SIGUIRIKOURA,CENTRE DE SANTE,KANKAN,SIGUIRI
F1447,1447,Zj2dsgyrhHf,CSR BANKON,CENTRE DE SANTE,KANKAN,SIGUIRI
F1448,1448,k3Mi1mCHzgO,CSR DOKO,CENTRE DE SANTE,KANKAN,SIGUIRI
F1449,1449,Xi8kNCZMnKt,CSR FRANWALIA,CENTRE DE SANTE,KANKAN,SIGUIRI
F1450,1450,bitAVLHFmlK,CSR KINIEBA KOURA,CENTRE DE SANTE,KANKAN,SIGUIRI
F1451,1451,soRCd3UBuee,CSR KINTINIAN,CENTRE DE SANTE,KANKAN,SIGUIRI
F1452,1452,S1BAfz97W6K,CSR MALEAH,CENTRE DE SANTE,KANKAN,SIGUIRI
F1457,1457,l4pTW3V6vM8,CSR NOUKOUKAN,CENTRE DE SANTE,KANKAN,SIGUIRI
F1458,1458,hyihTs7XeVC,CSR SIGUIRINI,CENTRE DE SANTE,KANKAN,SIGUIRI
F1460,1460,ralhA4s6g7C,CSU KANKANKOURA,CENTRE DE SANTE,KANKAN,KANKAN
F1461,1461,OJGCGd9yqy0,CSU MISSIRA (KANKAN),CENTRE DE SANTE,KANKAN,KANKAN
F1463,1463,wD6RW2xNUog,CSU DALOBA SEKOU TITI,CENTRE DE SANTE,KANKAN,KANKAN
F1465,1465,jSw8kWpA9GL,CSR BALANDOU,CENTRE DE SANTE,KANKAN,KANKAN
F1467,1467,bwGQBAKrcRd,CSR BOULA,CENTRE DE SANTE,KANKAN,KANKAN
F1560,1560,mH6TfrrS1X0,CSU BOWLOKO,CENTRE DE SANTE,LABE,LABE
F1561,1561,O7jK8mkC0pg,CSU DAKA,CENTRE DE SANTE,LABE,LABE
F1563,1563,evrbgyg9e1L,CSU LEYSARE,CENTRE DE SANTE,LABE,LABE
F1564,1564,vLvfEE6ewRQ,CSU LOMBONNA,CENTRE DE SANTE,LABE,LABE
F1565,1565,Jiz4Fro3HXF,CSU PELLEL,CENTRE DE SANTE,LABE,LABE
F1576,1576,AJbCdZOwxHF,CSR SANNOUN,CENTRE DE SANTE,LABE,LABE
F1578,1578,XeghT10wRPe,CSU LELOUMA,CENTRE DE SANTE,LABE,LELOUMA
F1612,1612,MJJfc6F2ldx,CSU KOUBIA,CENTRE DE SANTE,LABE,KOUBIA
F1618,1618,Oazusg0REvP,CSU DALABA,CENTRE DE SANTE,MAMOU,DALABA
F1620,1620,WkbAzeWLlDf,CSR DITINN,CENTRE DE SANTE,MAMOU,DALABA
F1621,1621,xj8iAPpgl2V,CSR KAALA,CENTRE DE SANTE,MAMOU,DALABA
F1622,1622,IkPd4Gqo5VA,CSR KANKALABE,CENTRE DE SANTE,MAMOU,DALABA
F1623,1623,zMuY5LLScMJ,CSR KEBALY,CENTRE DE SANTE,MAMOU,DALABA
F1624,1624,HIe46hsVw5G,CSR KOBA (DALABA),CENTRE DE SANTE,MAMOU,DALABA
F1628,1628,X5323Z1Fv9X,CSU LOPPET,CENTRE DE SANTE,MAMOU,MAMOU
F1629,1629,Iyyw7eLauwY,CSU POUDRIERE,CENTRE DE SANTE,MAMOU,MAMOU
F1632,1632,n9pYyKEb53y,CSR BOULLIWEL,CENTRE DE SANTE,MAMOU,MAMOU
F1638,1638,k7ybvuhWiRB,CSR NIAGARA,CENTRE DE SANTE,MAMOU,MAMOU
F1646,1646,Y049yi8vZRa,CSR  GADHA KOUBI,CENTRE DE SANTE,MAMOU,PITA
F1648,1648,owtu4KvHfzM,CSR  BANTIGHEL,CENTRE DE SANTE,MAMOU,PITA
F1651,1651,GFmkxhGmczW,CSR  GONGORE,CENTRE DE SANTE,MAMOU,PITA
F1653,1653,lms5oI9yU9o,CSR MACI,CENTRE DE SANTE,MAMOU,PITA
F1655,1655,hyjZ5BwjfWB,CSR  SANGAREAH,CENTRE DE SANTE,MAMOU,PITA
F1673,1673,nsklYTvJGRB,CSR SOKOURALA,CENTRE DE SANTE,NZEREKORE,BEYLA
F1483,1483,HKwSgyjxIe2,CSR DOUAKO,CENTRE DE SANTE,KANKAN,KOUROUSSA
F1486,1486,RPPMAmun6oV,CSR KOMOLAKOURA,CENTRE DE SANTE,KANKAN,KOUROUSSA
F1493,1493,ESmSlD56mJm,CSR KONSANKORO,CENTRE DE SANTE,KANKAN,KEROUANE
F1495,1495,bs5o634E0On,CSR SIBIRIBARO,CENTRE DE SANTE,KANKAN,KEROUANE
F1497,1497,d6kSHtHyqVD,CSU MANDIANA,CENTRE DE SANTE,KANKAN,MANDIANA
F1498,1498,kq1bQ6grAYU,CSR BALANDOUGOUBA,CENTRE DE SANTE,KANKAN,MANDIANA
F1499,1499,WwhuivA3Ssx,CSR DIALAKORO (MANDIANA),CENTRE DE SANTE,KANKAN,MANDIANA
F1504,1504,baEbQjPP4A1,CSR KOUNDIAN,CENTRE DE SANTE,KANKAN,MANDIANA
F1506,1506,EDYmZyTxpiR,CSR NIANTANINA,CENTRE DE SANTE,KANKAN,MANDIANA
F1507,1507,EphXBYVPSug,CSR SALADOU,CENTRE DE SANTE,KANKAN,MANDIANA
F1511,1511,LKvSuU4j4wY,CSU MANQUEPAS,CENTRE DE SANTE,KINDIA,KINDIA
F1513,1513,gOK1c5Smnev,CSR BANGOUYA,CENTRE DE SANTE,KINDIA,KINDIA
F1516,1516,oWNLpHLSDu1,CSR KENENDE,CENTRE DE SANTE,KINDIA,KINDIA
F1518,1518,D1PNUgTu12t,CSR MADINA OULA,CENTRE DE SANTE,KINDIA,KINDIA
F1520,1520,dY7MCPrMCGr,CSR MOLOTA,CENTRE DE SANTE,KINDIA,KINDIA
F1530,1530,EK5y93Ks6zK,CSR MAFERINYAH,CENTRE DE SANTE,KINDIA,FORECARIAH
F1533,1533,DZLZY4ebVPZ,CSU FILY,CENTRE DE SANTE,KINDIA,COYAH
F1678,1678,ZwZ1a0TxDBv,CSR BOLODOU,CENTRE DE SANTE,NZEREKORE,GUECKEDOU
F1679,1679,OgjyT1uhWgd,CSR FANGAMADOU,CENTRE DE SANTE,NZEREKORE,GUECKEDOU
F1681,1681,dbNBTuAPBe9,CSR KASSADOU,CENTRE DE SANTE,NZEREKORE,GUECKEDOU
F1682,1682,rgr7dmaM1zi,CSR KOUNDOU LINGO BINGO,CENTRE DE SANTE,NZEREKORE,GUECKEDOU
F1685,1685,kCKCobq8f9A,CSR TEKOULO,CENTRE DE SANTE,NZEREKORE,GUECKEDOU
F1686,1686,dYfcgFuAhYd,CSR TEMESSADOU DJIGBO,CENTRE DE SANTE,NZEREKORE,GUECKEDOU
F1687,1687,GcAUWeaJr9b,CSU LOLA,CENTRE DE SANTE,NZEREKORE,LOLA
F1691,1691,Y5u3fZyrGmG,CSR GAMA-BEREMA,CENTRE DE SANTE,NZEREKORE,LOLA
F1692,1692,KofMNJi0FFG,CSR GUEASSO,CENTRE DE SANTE,NZEREKORE,LOLA
F1693,1693,S4M6TlGpwOO,CSR KOKOTA,CENTRE DE SANTE,NZEREKORE,LOLA
F1694,1694,OTNbPV9sV7T,CSR LAINE,CENTRE DE SANTE,NZEREKORE,LOLA
F1807,1807,ISZZ5m7PYAC,DPS MANDIANA,SUPERVISEUR PREFECTORAL,KANKAN,MANDIANA
F1860,1860,DBRJWF5cmYI,CSU YIMBAYA ECOLE,CENTRE DE SANTE,CONAKRY,MATOTO
F1536,1536,k72f3eapjIq,CSR MANEAH,CENTRE DE SANTE,KINDIA,COYAH
F1557,1557,QgDGybwwJQ1,CSA TANENE (DUBREKA),CENTRE DE SANTE,KINDIA,DUBREKA
F1558,1558,Z7wbff4TpEa,CSR TONDON,CENTRE DE SANTE,KINDIA,DUBREKA
F1568,1568,Ah8kNbFM2G7,CSR DIARI,CENTRE DE SANTE,LABE,LABE
F1582,1582,XOVnz4HjuB0,CSR KORBE,CENTRE DE SANTE,LABE,LELOUMA
F1583,1583,ZRk0mZdC4ZR,CSR LAFOU,CENTRE DE SANTE,LABE,LELOUMA
F1587,1587,alasgTfw2Kv,CSR SAGALE,CENTRE DE SANTE,LABE,LELOUMA
F1588,1588,rj26APWCwre,CSR THIANGUEL BORI,CENTRE DE SANTE,LABE,LELOUMA
F1594,1594,RFvw8GS8OXL,CSR GAYAH,CENTRE DE SANTE,LABE,MALI
F1596,1596,w56LPkOgVZ9,CSR LEBEKERE,CENTRE DE SANTE,LABE,MALI
F1597,1597,k1QbbiPXdyb,CSR MADINA WORA,CENTRE DE SANTE,LABE,MALI
F1598,1598,OQ3wlyiW1KS,CSR SALAMBANDE,CENTRE DE SANTE,LABE,MALI
F1599,1599,RlAJ6qFo8bg,CSR TELIRE,CENTRE DE SANTE,LABE,MALI
F1600,1600,JtAQ6SLCKJG,CSR TOUBA (MALI),CENTRE DE SANTE,LABE,MALI
F1613,1613,dXB5MOl3TNT,CSR FAFAYA,CENTRE DE SANTE,LABE,KOUBIA
F1652,1652,eZy0LTVKL5B,CSR  LEYMIRO,CENTRE DE SANTE,MAMOU,PITA
F1654,1654,jWHWj5Sukds,CSR NINGUELANDE,CENTRE DE SANTE,MAMOU,PITA
F1432,1432,mizUqCY3TA1,CSR BARDOU,CENTRE DE SANTE,FARANAH,KISSIDOUGOU
F1433,1433,Zl6zJfweTdW,CSR BEINDOU (KISSIDOUGOU),CENTRE DE SANTE,FARANAH,KISSIDOUGOU
F1442,1442,hktHCxBLoDq,CSR   YENDE MILLIMOU,CENTRE DE SANTE,FARANAH,KISSIDOUGOU
F1481,1481,ISmmVepglKN,CSR BARO,CENTRE DE SANTE,KANKAN,KOUROUSSA
F1674,1674,byTba5D9bW3,CSU GUECKEDOU LELE,CENTRE DE SANTE,NZEREKORE,GUECKEDOU
F1675,1675,DunfUMP0htR,CSU MADINA (GUECKEDOU),CENTRE DE SANTE,NZEREKORE,GUECKEDOU
F1676,1676,q9rEWQ5g2UZ,CSU MANGALLA,CENTRE DE SANTE,NZEREKORE,GUECKEDOU
F1677,1677,RzzSMPpwGev,CSU SOKORO,CENTRE DE SANTE,NZEREKORE,GUECKEDOU
F1680,1680,ItbXtO2V5Rz,CSR GUENDEMBOU,CENTRE DE SANTE,NZEREKORE,GUECKEDOU
F1683,1683,F7uFTkGmF5q,CSR NONGOA,CENTRE DE SANTE,NZEREKORE,GUECKEDOU
F1684,1684,zos2iuEFR0V,CSR OUENDE KENEMA,CENTRE DE SANTE,NZEREKORE,GUECKEDOU
F1688,1688,EjTqkEIKzKr,CSR BOSSOU,CENTRE DE SANTE,NZEREKORE,LOLA
F1690,1690,lWIqx6Ek7VK,CSR FOUMBADOU,CENTRE DE SANTE,NZEREKORE,LOLA
F1696,1696,S97bAWFJayP,CSR TOUMKARATA,CENTRE DE SANTE,NZEREKORE,LOLA
F1697,1697,Hk5murA8pRv,CSU BOWA,CENTRE DE SANTE,NZEREKORE,MACENTA
F1698,1698,SEmnjU9ieyT,CSU HERMAKONO,CENTRE DE SANTE,NZEREKORE,MACENTA
F1699,1699,Z70t66rXZFF,CSU PATRICE,CENTRE DE SANTE,NZEREKORE,MACENTA
F1700,1700,GAA99po5L7b,CSR BALIZIA,CENTRE DE SANTE,NZEREKORE,MACENTA
F1701,1701,bHTQLTGDKYZ,CSR BINIKALA,CENTRE DE SANTE,NZEREKORE,MACENTA
F1704,1704,hNemwtAVBMb,CSR DARO,CENTRE DE SANTE,NZEREKORE,MACENTA
F1767,1767,NLUhZWpPnDt,HP MALI,HOPITAL PREFECTORAL/CMC,LABE,MALI
F1776,1776,Rd9yLRbJF82,HP MACENTA,HOPITAL PREFECTORAL/CMC,NZEREKORE,MACENTA
F1778,1778,cHb7VNScszw,HP YOMOU,HOPITAL PREFECTORAL/CMC,NZEREKORE,YOMOU
F1852,1852,fERYCZlGFN6,CMC OUENDE KENEMA,HOPITAL PREFECTORAL/CMC,NZEREKORE,GUECKEDOU
F1863,1863,wceAmBb6aTT,CSR TINDO,CENTRE DE SANTE,FARANAH,FARANAH
F11884,1893,Sgu8va2LUPU,CSU SANOYA KM 36,CENTRE DE SANTE,KINDIA,COYAH
F1537,1537,LQDdxRnJlWA,CSR WONKIFONG,CENTRE DE SANTE,KINDIA,COYAH
F1539,1539,VpsRaUkdYMR,CSR BOUROUWAL,CENTRE DE SANTE,KINDIA,TELIMELE
F1540,1540,mNIntyBN0BT,CSR DARAMAGNAKI,CENTRE DE SANTE,KINDIA,TELIMELE
F1541,1541,JglAE1ffwHT,CSR GOUGOUDJE,CENTRE DE SANTE,KINDIA,TELIMELE
F1542,1542,LBaqnRFPeOl,CSR KOBA (TELIMELE),CENTRE DE SANTE,KINDIA,TELIMELE
F1544,1544,QL8UsfQyNQu,CSR KONSOTAMI,CENTRE DE SANTE,KINDIA,TELIMELE
F1545,1545,OVD3Lxd0LWZ,CSR MISSIRA (TELIMELE),CENTRE DE SANTE,KINDIA,TELIMELE
F1546,1546,tlHcaCUYplu,CSR SANTOU,CENTRE DE SANTE,KINDIA,TELIMELE
F1647,1647,bcysFBrcIJr,CSU PITA,CENTRE DE SANTE,MAMOU,PITA
F1649,1649,UxfOPpLzT3z,CSR  BROUWAL TAPPE,CENTRE DE SANTE,MAMOU,PITA
F1408,1408,BblO2HuUy07,CSR TIRO,CENTRE DE SANTE,FARANAH,FARANAH
F1430,1430,imhA39jIws7,CSR  ALBADARIAH,CENTRE DE SANTE,FARANAH,KISSIDOUGOU
F1695,1695,ovst76gjaXz,CSR NZOO,CENTRE DE SANTE,NZEREKORE,LOLA
F1705,1705,YLp9AbixaEZ,CSR FASSANKONI,CENTRE DE SANTE,NZEREKORE,MACENTA
F1706,1706,USjti96cAQp,CSR KOUAKAN,CENTRE DE SANTE,NZEREKORE,MACENTA
F1707,1707,mWa1vqG2lFN,CSR KOYAMAH,CENTRE DE SANTE,NZEREKORE,MACENTA
F1708,1708,zY5YJnwONYb,CSR OUREMAI,CENTRE DE SANTE,NZEREKORE,MACENTA
F1709,1709,m83HlFYv6up,CSR PANZIAZOU,CENTRE DE SANTE,NZEREKORE,MACENTA
F1710,1710,cp6jRzUoGO3,CSR SENGBEDOU,CENTRE DE SANTE,NZEREKORE,MACENTA
F1711,1711,wS8SjvWbzZg,CSR SEREDOU,CENTRE DE SANTE,NZEREKORE,MACENTA
F1712,1712,RV5XFMyAQZq,CSR VASSEREDOU,CENTRE DE SANTE,NZEREKORE,MACENTA
F1713,1713,Rk5nzO7QJWZ,CSR WATANKA,CENTRE DE SANTE,NZEREKORE,MACENTA
F1714,1714,ZTVsIiGWWeP,CSR NZEBELA,CENTRE DE SANTE,NZEREKORE,MACENTA
F1715,1715,vjSSLLg2r9f,CSU COMMERCIAL,CENTRE DE SANTE,NZEREKORE,NZEREKORE
F1716,1716,K56b3gXFBvw,CSU DOROTA,CENTRE DE SANTE,NZEREKORE,NZEREKORE
F1717,1717,uxCyaGICphR,CSU GONIA,CENTRE DE SANTE,NZEREKORE,NZEREKORE
F1718,1718,PtRifZUaWFl,CSU HOROYA,CENTRE DE SANTE,NZEREKORE,NZEREKORE
F1719,1719,Gm7YRAfw2is,CSU MOHOMOU,CENTRE DE SANTE,NZEREKORE,NZEREKORE
F1720,1720,QFRDbryLPvN,CSU NIAYE SOKOURA,CENTRE DE SANTE,NZEREKORE,NZEREKORE
F1721,1721,VmPmBj2rtUb,CSR BOUNOUMA,CENTRE DE SANTE,NZEREKORE,NZEREKORE
F1723,1723,Agqx0s0PAzq,CSR GOUECKE,CENTRE DE SANTE,NZEREKORE,NZEREKORE
F1724,1724,SJzgBirqTwl,CSR KOBELA,CENTRE DE SANTE,NZEREKORE,NZEREKORE
F1725,1725,cjxGIrPUQsk,CSR KOROPARA,CENTRE DE SANTE,NZEREKORE,NZEREKORE
F1726,1726,U16WKukcSVp,CSA KOULE,CENTRE DE SANTE,NZEREKORE,NZEREKORE
F1727,1727,b1HKr6RkgEo,CSR PALE,CENTRE DE SANTE,NZEREKORE,NZEREKORE
F1728,1728,GyGqtV8bF1d,CSR SAMOE,CENTRE DE SANTE,NZEREKORE,NZEREKORE
F1729,1729,qKfSok3tlD0,CSR SOULOUTA,CENTRE DE SANTE,NZEREKORE,NZEREKORE
F1730,1730,CIRNUqiMXxo,CSR WOMEY,CENTRE DE SANTE,NZEREKORE,NZEREKORE
F1731,1731,m1icltdBtNY,CSR YALENZOU,CENTRE DE SANTE,NZEREKORE,NZEREKORE
F1732,1732,i1BbHqH26db,CSU YOMOU,CENTRE DE SANTE,NZEREKORE,YOMOU
F1733,1733,vu71Klsomjc,CSR BANIE,CENTRE DE SANTE,NZEREKORE,YOMOU
F1734,1734,JdROFC2PCNp,CSR BHETA,CENTRE DE SANTE,NZEREKORE,YOMOU
F1755,1755,hZ1Y89t0Lyi,HP SIGUIRI,HOPITAL PREFECTORAL/CMC,KANKAN,SIGUIRI
F1763,1763,MNmQRE0wKCi,HP TELIMELE,HOPITAL PREFECTORAL/CMC,KINDIA,TELIMELE
F1772,1772,L8ajZT7mB41,HP PITA,HOPITAL PREFECTORAL/CMC,MAMOU,PITA
F1774,1774,R23zmdqFeYA,HP GUECKEDOU,HOPITAL PREFECTORAL/CMC,NZEREKORE,GUECKEDOU
F1552,1552,wPOknJTIuSl,CSU MAFOUDYA,CENTRE DE SANTE,KINDIA,DUBREKA
F1562,1562,VtkBIan9Ueu,CSU FAFABHE,CENTRE DE SANTE,LABE,LABE
F1665,1665,fSXl8rx3yC3,CSR GBACKEDOU,CENTRE DE SANTE,NZEREKORE,BEYLA
F1702,1702,hcObqWRuxLD,CSR BOFOSSOU,CENTRE DE SANTE,NZEREKORE,MACENTA
F1735,1735,LbeLJqs1fXm,CSR BIGNAMOU,CENTRE DE SANTE,NZEREKORE,YOMOU
F1736,1736,p9jagMhSTCx,CSR BOWE,CENTRE DE SANTE,NZEREKORE,YOMOU
F1742,1742,p5xjuzz8UZA,HR LABE,HOPITAL REGIONAL,LABE,LABE
F1543,1543,txsFX8gE6sa,CSR KOLLET (TELIMELE),CENTRE DE SANTE,KINDIA,TELIMELE
F1329,1329,kM65X9dP5WS,CSU BOFFA,CENTRE DE SANTE,BOKE,BOFFA
F1330,1330,YjXr3hgQ7zM,CSR KOLIA,CENTRE DE SANTE,BOKE,BOFFA
F1820,1820,ASu054HjT5Y,DPS PITA,SUPERVISEUR PREFECTORAL,MAMOU,PITA
F1331,1331,JPZThVJtzl1,CSR DOUPOUROU,CENTRE DE SANTE,BOKE,BOFFA
F1332,1332,VfgP2NqyAv5,CSR KOBA (BOFFA),CENTRE DE SANTE,BOKE,BOFFA
F1333,1333,zl2e16l2dA7,CSR LISSO,CENTRE DE SANTE,BOKE,BOFFA
F1334,1334,KROV6LrY8j2,CSR MANKOUNTAN,CENTRE DE SANTE,BOKE,BOFFA
F1335,1335,j43a35nIno1,CSR TAMITA,CENTRE DE SANTE,BOKE,BOFFA
F1336,1336,Ci0P4OySWGz,CSR TOUGNIFILY,CENTRE DE SANTE,BOKE,BOFFA
F1337,1337,drD7MngmJD1,CSU DIBIA,CENTRE DE SANTE,BOKE,BOKE
F1338,1338,f4WD7EHWqhU,CSR BINTIMODIA,CENTRE DE SANTE,BOKE,BOKE
F1339,1339,MgPGSVqQ0xy,CSR DABISS,CENTRE DE SANTE,BOKE,BOKE
F1340,1340,DaMkJM4hF0y,CSR KASSOPO KAMSAR,CENTRE DE SANTE,BOKE,BOKE
F1341,1341,SE7ua3imFwx,CSR KANFARANDE,CENTRE DE SANTE,BOKE,BOKE
F1342,1342,gVyPXXmmEh6,CSR KAYENGUISSA,CENTRE DE SANTE,BOKE,BOKE
F1343,1343,R9iI89aX5jj,CSR KOLABOUI,CENTRE DE SANTE,BOKE,BOKE
F1344,1344,OQ9i0HBUcu4,CSU CORRERAH,CENTRE DE SANTE,BOKE,BOKE
F1345,1345,ODHrXQVESbK,CSU KOULIFANYA,CENTRE DE SANTE,BOKE,BOKE
F1346,1346,h0nwreBvmyI,CSR MALAPOUYA,CENTRE DE SANTE,BOKE,BOKE
F1347,1347,WJJkbjdetD1,CSA SANGAREDI,CENTRE DE SANTE,BOKE,BOKE
F1348,1348,Rj64cGsYmFt,CSR SANSALE,CENTRE DE SANTE,BOKE,BOKE
F1349,1349,DqCRkk7x0CV,CSR TANENE (BOKE),CENTRE DE SANTE,BOKE,BOKE
F1350,1350,Mu8GPR5Cmzl,CSU AVIATION,CENTRE DE SANTE,BOKE,FRIA
F1351,1351,RhAWrhi3zTL,CSU SABENDE,CENTRE DE SANTE,BOKE,FRIA
F1352,1352,E6xnJpgqmE1,CSR  BAGUINET,CENTRE DE SANTE,BOKE,FRIA
F1353,1353,H1nAgbYbNN2,CSR BANGUIGNY,CENTRE DE SANTE,BOKE,FRIA
F1354,1354,rcuXw4FNSOv,CSR TORMELIN,CENTRE DE SANTE,BOKE,FRIA
F1355,1355,HyqoEFYiJWw,CSU TABOSSY,CENTRE DE SANTE,BOKE,FRIA
F1356,1356,TYUmXUgHSRk,CSU GAOUAL,CENTRE DE SANTE,BOKE,GAOUAL
F1357,1357,UDZv2Slmm4u,CSR FOULAMORY,CENTRE DE SANTE,BOKE,GAOUAL
F1358,1358,N0MMYcpFeMs,CSR KAKONI,CENTRE DE SANTE,BOKE,GAOUAL
F1359,1359,Bh5nObUJhqA,CSR KOUMBIA,CENTRE DE SANTE,BOKE,GAOUAL
F1360,1360,Oyko8r86r9w,CSR KOUNSITEL,CENTRE DE SANTE,BOKE,GAOUAL
F1361,1361,DP4dH9HPM8B,CSR MALANTA,CENTRE DE SANTE,BOKE,GAOUAL
F1362,1362,JtAQ6SLCKJG,CSR TOUBA (GAOUAL),CENTRE DE SANTE,BOKE,GAOUAL
F1363,1363,MzrXV1naU6j,CSR WENDOU M'BOUR,CENTRE DE SANTE,BOKE,GAOUAL
F1364,1364,HgB9mDVg5AH,CSU KOUNDARA,CENTRE DE SANTE,BOKE,KOUNDARA
F1365,1365,wrHFNIrr5HW,CSR GUINGUAN,CENTRE DE SANTE,BOKE,KOUNDARA
F1366,1366,i1xnNAyKgGG,CSR KAMABI,CENTRE DE SANTE,BOKE,KOUNDARA
F1367,1367,WUKZ9vnLyG7,CSR SAMBAILO,CENTRE DE SANTE,BOKE,KOUNDARA
F1368,1368,tp5E2fdd9J6,CSR SAREBOIDO,CENTRE DE SANTE,BOKE,KOUNDARA
F1369,1369,FdhHz5N3E2o,CSR TERMESSE,CENTRE DE SANTE,BOKE,KOUNDARA
F1370,1370,DtALwGrT7vR,CSR YOUKOUNKOUN,CENTRE DE SANTE,BOKE,KOUNDARA
F1376,1376,gZjEluiI3Qd,CSU DIXINN,CENTRE DE SANTE,CONAKRY,DIXINN
F1378,1378,ert9BmM24na,CSU MACIRE,CENTRE DE SANTE,CONAKRY,DIXINN
F1379,1379,al8uudoffXV,CMC MINIERE,HOPITAL PREFECTORAL/CMC,CONAKRY,DIXINN
F1380,1380,JOOKtw8Lp0C,CMC COLEAH,HOPITAL PREFECTORAL/CMC,CONAKRY,MATAM
F1381,1381,rWzgMu2jTgc,CSU MADINA (MATAM),CENTRE DE SANTE,CONAKRY,MATAM
F1383,1383,D5A8918ucWJ,CSU DABOMPA,CENTRE DE SANTE,CONAKRY,MATOTO
F1384,1384,R21rlk5ynyV,CSU GBESSIA PORT 1,CENTRE DE SANTE,CONAKRY,MATOTO
F1386,1386,hw0hd2du5LJ,CSU TANENE (MATOTO),CENTRE DE SANTE,CONAKRY,MATOTO
F1387,1387,iHISgFBrL4g,CSU TOMBOLIA,CENTRE DE SANTE,CONAKRY,MATOTO
F1389,1389,NC4DT9baDYV,CSU KAPORO FONDIS,CENTRE DE SANTE,CONAKRY,RATOMA
F1392,1392,maE8twIq691,CSU LAMBANDJI,CENTRE DE SANTE,CONAKRY,RATOMA
F1393,1393,CQLKRMaeIdw,CMC RATOMA,HOPITAL PREFECTORAL/CMC,CONAKRY,RATOMA
F1396,1396,PHDWuA7hewj,CSU WANINDARA,CENTRE DE SANTE,CONAKRY,RATOMA
F1397,1397,m1FdRc7TUPZ,CSU ABATTOIRE,CENTRE DE SANTE,FARANAH,FARANAH
F1398,1398,wrBfu73Dd5F,CSU MARCHE,CENTRE DE SANTE,FARANAH,FARANAH
F1399,1399,zrP9JTuUrKQ,CSR BANIAN,CENTRE DE SANTE,FARANAH,FARANAH
F1400,1400,pj0qMtzCdJU,CSR BEINDOU (FARANAH),CENTRE DE SANTE,FARANAH,FARANAH
F1401,1401,uELp2HDV6Jm,CSR HEREMAKONO,CENTRE DE SANTE,FARANAH,FARANAH
F1402,1402,uPO1HZfTz7f,CSR KOBIKORO,CENTRE DE SANTE,FARANAH,FARANAH
F1403,1403,NJGUUD8ZXlP,CSR MARELLA,CENTRE DE SANTE,FARANAH,FARANAH
F1404,1404,HuI7NDhRI9F,CSR NIALIA,CENTRE DE SANTE,FARANAH,FARANAH
F1405,1405,GjbCi0BzUUm,CSR PASSAYA,CENTRE DE SANTE,FARANAH,FARANAH
F1406,1406,QofuzZHTKUV,CSR SANDENIA,CENTRE DE SANTE,FARANAH,FARANAH
F1407,1407,nOJ24hHvwem,CSR SONGOYAH,CENTRE DE SANTE,FARANAH,FARANAH
F1409,1409,lGwLFx8lVHt,CSU DINGUIRAYE,CENTRE DE SANTE,FARANAH,DINGUIRAYE
F1410,1410,WwhuivA3Ssx,CSR DIALAKORO (DINGUIRAYE),CENTRE DE SANTE,FARANAH,DINGUIRAYE
F1411,1411,uqtBeX0fI3P,CSR DIATIFERE,CENTRE DE SANTE,FARANAH,DINGUIRAYE
F1412,1412,YFzJ1ZyztRF,CSR GAGNAKALY,CENTRE DE SANTE,FARANAH,DINGUIRAYE
F1413,1413,GSff1umHFb7,CSR KALINKO,CENTRE DE SANTE,FARANAH,DINGUIRAYE
F1414,1414,FVy3nWfxJKb,CSR LANSANAYA,CENTRE DE SANTE,FARANAH,DINGUIRAYE
F1416,1416,OsUWxBoXNqu,CSR SELOUMA,CENTRE DE SANTE,FARANAH,DINGUIRAYE
F1417,1417,poTCvIjlM2h,CSU DABOLA,CENTRE DE SANTE,FARANAH,DABOLA
F1390,1390,BpHPShDuXCi,CSU KOBAYA,CENTRE DE SANTE,CONAKRY,RATOMA
F1375,1375,hzXwSpvQEqL,CSU PORT,CENTRE DE SANTE,CONAKRY,KALOUM
F1382,1382,EutQVtVItjl,CMC MATAM,HOPITAL PREFECTORAL/CMC,CONAKRY,MATAM
F1372,1372,FqG9O7Rl41T,CMC BERNARD KOUCHNER,HOPITAL PREFECTORAL/CMC,CONAKRY,KALOUM
F1388,1388,YriWthO0uUk,CMC FLAMBOYANT,HOPITAL PREFECTORAL/CMC,CONAKRY,RATOMA
F1377,1377,abH6ImDzhID,CSU HAFIA,CENTRE DE SANTE,CONAKRY,DIXINN
F1371,1371,e2YYx8XNpJD,CSU BOULBINET,CENTRE DE SANTE,CONAKRY,KALOUM
F1395,1395,oivOmoE4eBn,CSU SIMBAYA GARE,CENTRE DE SANTE,CONAKRY,RATOMA
F1374,1374,dsajSrAZxMt,CSU KOULEWONDY,CENTRE DE SANTE,CONAKRY,KALOUM
F1394,1394,ZMlEzeYsaCI,CSU SONFONIA,CENTRE DE SANTE,CONAKRY,RATOMA
F1373,1373,kssC5OIumM4,CSU KASSA,CENTRE DE SANTE,CONAKRY,KALOUM
F1418,1418,VGZCjWrZXVg,CSR ARFAMOUSSAYA,CENTRE DE SANTE,FARANAH,DABOLA
F1419,1419,vETqiErafwA,CSR BANKO,CENTRE DE SANTE,FARANAH,DABOLA
F1420,1420,Vy2gzwnd1yd,CSR BISSIKRIMA,CENTRE DE SANTE,FARANAH,DABOLA
F1421,1421,LaotWfnewTy,CSR DOGOMET,CENTRE DE SANTE,FARANAH,DABOLA
F1422,1422,U2yWhodep83,CSR KANKAMA,CENTRE DE SANTE,FARANAH,DABOLA
F1423,1423,wardRzLjWXk,CSR  KINDOYE,CENTRE DE SANTE,FARANAH,DABOLA
F1424,1424,kvoMvl9Cfmg,CSR KONINDOU,CENTRE DE SANTE,FARANAH,DABOLA
F1425,1425,OfdJvC0PkGJ,CSR KONSO,CENTRE DE SANTE,FARANAH,DABOLA
F1426,1426,ipSkZ3o2tLU,CSU DAR-ES-SALAM,CENTRE DE SANTE,FARANAH,KISSIDOUGOU
F1427,1427,uELp2HDV6Jm,CSU HEREMAKONO,CENTRE DE SANTE,FARANAH,KISSIDOUGOU
F1428,1428,bJrq3M8r6nC,CSU LIMANYA,CENTRE DE SANTE,FARANAH,KISSIDOUGOU
F1429,1429,DunfUMP0htR,CSU MADINA (KISSIDOUGOU),CENTRE DE SANTE,FARANAH,KISSIDOUGOU
F1453,1453,z2AyLJatKKv,CSR NABOUN,CENTRE DE SANTE,KANKAN,SIGUIRI
F1456,1456,SCulfVu12HH,CSR NORASSOBA,CENTRE DE SANTE,KANKAN,SIGUIRI
F1466,1466,Rhiyz3nXObO,CSR BATENAFADJI,CENTRE DE SANTE,KANKAN,KANKAN
F1468,1468,bGj0Fv4hhId,CSR GBEREDOU BARANAMA,CENTRE DE SANTE,KANKAN,KANKAN
F1469,1469,SbE3qY8HXQW,CSR KARIFAMORIYAH,CENTRE DE SANTE,KANKAN,KANKAN
F1473,1473,paUWTWDmr3S,CSR MORIBAYAH,CENTRE DE SANTE,KANKAN,KANKAN
F1474,1474,ApHMitUFUpu,CSR SABADOU BARANAMA,CENTRE DE SANTE,KANKAN,KANKAN
F1476,1476,PinOXye5CZW,CSR TOKOUNOU,CENTRE DE SANTE,KANKAN,KANKAN
F1477,1477,QIrpoKzpVcn,CSU WASSABADA,CENTRE DE SANTE,KANKAN,KOUROUSSA
F1478,1478,uUiRQVthQ6F,CSR BABILA,CENTRE DE SANTE,KANKAN,KOUROUSSA
F1480,1480,vBgjrwRUkTu,CSR BANFELE,CENTRE DE SANTE,KANKAN,KOUROUSSA
F1482,1482,toxGdCAXfmY,CSR CISSELA,CENTRE DE SANTE,KANKAN,KOUROUSSA
F1484,1484,rHt0eA2ka3b,CSR DOURA,CENTRE DE SANTE,KANKAN,KOUROUSSA
F1485,1485,J99jMwojeFM,CSR KINIERO,CENTRE DE SANTE,KANKAN,KOUROUSSA
F1487,1487,HAxfcqzYTY2,CSR KOUMANA,CENTRE DE SANTE,KANKAN,KOUROUSSA
F1488,1488,FQtDWJyMyXw,CSR SANGUIANA,CENTRE DE SANTE,KANKAN,KOUROUSSA
F1490,1490,aIrYyWtG0JZ,CSR SOROMAYA,CENTRE DE SANTE,KANKAN,KEROUANE
F1491,1491,ITkqg8ioqzs,CSR DAMARO,CENTRE DE SANTE,KANKAN,KEROUANE
F1492,1492,ApxAYDMMb7Z,CSR KOMODOU,CENTRE DE SANTE,KANKAN,KEROUANE
F1494,1494,cFzHbeVtrcX,CSR LINKO,CENTRE DE SANTE,KANKAN,KEROUANE
F1500,1500,KKVyYByItNI,CSR FARALAKO,CENTRE DE SANTE,KANKAN,MANDIANA
F1501,1501,L6YrV7zsqw0,CSR KANTOUMANIA,CENTRE DE SANTE,KANKAN,MANDIANA
F1502,1502,X5VZg3GlTXA,CSR KINIERAN,CENTRE DE SANTE,KANKAN,MANDIANA
F1503,1503,GQzuTgXGQNs,CSR KONDIANAKORO,CENTRE DE SANTE,KANKAN,MANDIANA
F1505,1505,QbxXQwfaFo3,CSR MORODOU,CENTRE DE SANTE,KANKAN,MANDIANA
F1508,1508,Ij9alWKZ7Vi,CSR SANSANDO,CENTRE DE SANTE,KANKAN,MANDIANA
F1509,1509,lrAqUjVoLIZ,CSU BIBANE,CENTRE DE SANTE,KINDIA,KINDIA
F1510,1510,DCWT1Xap6dK,CSU CACIA,CENTRE DE SANTE,KINDIA,KINDIA
F1512,1512,PSPMnhSSgbl,CSU WONDY,CENTRE DE SANTE,KINDIA,KINDIA
F1514,1514,laCYbXGU2pv,CSR DAMAKANIA,CENTRE DE SANTE,KINDIA,KINDIA
F1515,1515,bVZgXg9qaol,CSR FRIGUIAGBE,CENTRE DE SANTE,KINDIA,KINDIA
F1517,1517,AfKfXoQdQqY,CSR KOLENTE,CENTRE DE SANTE,KINDIA,KINDIA
F1519,1519,p2fo1K7rPRx,CSU MAMBYA,CENTRE DE SANTE,KINDIA,KINDIA
F1521,1521,n0XfBRgeOl2,CSR SAMAYA,CENTRE DE SANTE,KINDIA,KINDIA
F1859,1859,m9WAXYfxn4U,CSU HADJA DJENE KABA,CENTRE DE SANTE,CONAKRY,RATOMA
F1817,1817,HC3N6HbSdfg,DPS KOUBIA,SUPERVISEUR PREFECTORAL,LABE,KOUBIA
F1818,1818,mqBP8r7CwKc,DPS DALABA,SUPERVISEUR PREFECTORAL,MAMOU,DALABA
F1819,1819,LyGsnnzEabg,DPS MAMOU,SUPERVISEUR PREFECTORAL,MAMOU,MAMOU
F1823,1823,QL7gnB6sSLA,DPS LOLA,SUPERVISEUR PREFECTORAL,NZEREKORE,LOLA
F1824,1824,TEjr8hbfz9a,DPS MACENTA,SUPERVISEUR PREFECTORAL,NZEREKORE,MACENTA
F1825,1825,yvJVq1GjI2A,DPS NZEREKORE,SUPERVISEUR PREFECTORAL,NZEREKORE,NZEREKORE
F1858,1858,D5WJbugzg9L,DCS RATOMA,SUPERVISEUR PREFECTORAL,CONAKRY,RATOMA
F1549,1549,RYlN9LSI7hS,CSR SOGOLON,CENTRE DE SANTE,KINDIA,TELIMELE
F1550,1550,oTwqDlg2FVO,CSR TARIHOYE,CENTRE DE SANTE,KINDIA,TELIMELE
F1551,1551,fdhfB87hJ6s,CSR THIONTHIAN,CENTRE DE SANTE,KINDIA,TELIMELE
F1635,1635,Rh9oZoXA4JG,CSU HORE MAMOU,CENTRE DE SANTE,MAMOU,MAMOU
F1636,1636,VSr23kl3FBN,CSR KEGNEKO,CENTRE DE SANTE,MAMOU,MAMOU
F1640,1640,EM8ePkCnyTo,CSR POREDAKA,CENTRE DE SANTE,MAMOU,MAMOU
F1641,1641,FqIeMGEj0d8,CSR SARAMOUSSAYA,CENTRE DE SANTE,MAMOU,MAMOU
F1737,1737,V3nyUpdB0PT,CSR DIECKE,CENTRE DE SANTE,NZEREKORE,YOMOU
F1523,1523,tvuyrVIHzja,CSU FORECARIAH,CENTRE DE SANTE,KINDIA,FORECARIAH
F1524,1524,oIRcgNQIHMb,CSR ALLASSOYAH,CENTRE DE SANTE,KINDIA,FORECARIAH
F1525,1525,HMA5gBeYhGM,CSR BENTY,CENTRE DE SANTE,KINDIA,FORECARIAH
F1527,1527,lIucdAMe0VP,CSR KABACK,CENTRE DE SANTE,KINDIA,FORECARIAH
F1528,1528,oplRFa9TSrf,CSR KAKOSSA,CENTRE DE SANTE,KINDIA,FORECARIAH
F1529,1529,rUhLHdRSAR4,CSR KALLIAH (BOKARIAH),CENTRE DE SANTE,KINDIA,FORECARIAH
F1531,1531,Sm8gCEtbH2l,CSR MOUSSAYAH,CENTRE DE SANTE,KINDIA,FORECARIAH
F1532,1532,ygJ2Qt6S94J,CSR SIKHOUROU,CENTRE DE SANTE,KINDIA,FORECARIAH
F1790,1790,THgRhO9eF0I,DPS BOKE,SUPERVISEUR PREFECTORAL,BOKE,BOKE
F1802,1802,VUj3PJpzty8,DPS KISSIDOUGOU,SUPERVISEUR PREFECTORAL,FARANAH,KISSIDOUGOU
F1803,1803,QZJuFnb2WZ6,DPS SIGUIRI,SUPERVISEUR PREFECTORAL,KANKAN,SIGUIRI
F1804,1804,Z71gNmPnc22,DPS KANKAN,SUPERVISEUR PREFECTORAL,KANKAN,KANKAN
F1805,1805,kVULorkd7Vt,DPS KOUROUSSA,SUPERVISEUR PREFECTORAL,KANKAN,KOUROUSSA
F1809,1809,NV92jVGhG5q,DPS FORECARIAH,SUPERVISEUR PREFECTORAL,KINDIA,FORECARIAH
F1821,1821,q1zvw5TOnZF,DPS BEYLA,SUPERVISEUR PREFECTORAL,NZEREKORE,BEYLA
F1822,1822,IPpzTTeRD64,DPS GUECKEDOU,SUPERVISEUR PREFECTORAL,NZEREKORE,GUECKEDOU
F1846,1846,W7Lkn0XGY9z,CSR FARMORIAH,CENTRE DE SANTE,KINDIA,FORECARIAH
F1850,1850,BbYhIckCaix,CSU FOUNDENG,CENTRE DE SANTE,FARANAH,DABOLA
F1851,1851,r0KqoTDJRnB,CSU SOGBE,CENTRE DE SANTE,FARANAH,KISSIDOUGOU
F1853,1853,qTRmntG32Mf,CSA BANANKORO,CENTRE DE SANTE,KANKAN,KEROUANE
F1855,1855,Hy63FAPBOU6,CMC SINKO,HOPITAL PREFECTORAL/CMC,NZEREKORE,BEYLA
F1856,1856,zUy4kJaTgha,CSU ANSOUMANIAH,CENTRE DE SANTE,KINDIA,DUBREKA
F1857,1857,qoNflHBihaD,HN SINO-GUINEEN,HOPITAL NATIONAL,CONAKRY,RATOMA
F1869,1869,fq9tSC3f0QS,DISPENSAIRE CAMP SAMORY,HOPITAL PREFECTORAL/CMC,CONAKRY,KALOUM
F1877,1877,qTRmntG32Mf,CSR BANANKORO,CENTRE DE SANTE,KANKAN,KEROUANE
F1883,1883,si5tAwftIcL,CSU KOUROUSSA KOURA,CENTRE DE SANTE,KANKAN,KOUROUSSA
F1884,1884,TKRwgCJ1DHJ,CSR MBONET,CENTRE DE SANTE,FARANAH,DINGUIRAYE
F1888,1888,weVLd6pi54j,CSR KOULE,CENTRE DE SANTE,NZEREKORE,NZEREKORE
F1950,1950,aGnGLd8pKBR,CMC METHODISTE,CENTRE DE SANTE,NZEREKORE,YOMOU
F1995,1995,AHQOjQ8Fnjp,CSU UNIVERSITE GAMAL ABDEL NASER,HOPITAL PREFECTORAL/CMC,CONAKRY,DIXINN
F1919,1919,aoZGZUriz3o,ANASTASIS NONGO,CENTRE DE SANTE,CONAKRY,RATOMA
F1901,1901,Ap9jZf1Swn0,ROCHER,CENTRE DE SANTE,CONAKRY,MATOTO
F1916,1916,AVOL0xGSl3Z,CSA BOMBOLY,CENTRE DE SANTE,CONAKRY,RATOMA
F1953,1953,bdrL1I859Fw,CLINIQUE MEDICALE HUGUETTE,CENTRE DE SANTE,NZEREKORE,NZEREKORE
F1994,1994,BEulf3HGHeJ,CABINET MEDICAL COPRESTAMED,CENTRE DE SANTE,CONAKRY,KALOUM
F1909,1909,BGdnTb6ckXI,SILOE,CENTRE DE SANTE,CONAKRY,MATOTO
F2003,2003,BGdnTb6ckXI,ANASTASIS SIBE ENTA NORD,CENTRE DE SANTE,CONAKRY,MATOTO
F1993,1993,bh7FjSnx0rQ,LABO INSP,CENTRE DE SANTE,CONAKRY,DIXINN
F1954,1954,bYoFCUNWP55,CLINIQUE NZAO,CENTRE DE SANTE,NZEREKORE,NZEREKORE
F2017,2020,cakS0W9ar8k,CLINIQUE MAAWA,CENTRE DE SANTE,CONAKRY,KALOUM
F1925,1925,CaUMP1GPbuz,POLYCLINIQUE WANINDARA,CENTRE DE SANTE,CONAKRY,RATOMA
F1924,1924,ceewkrugF71,OSU,CENTRE DE SANTE,CONAKRY,RATOMA
F1989,1989,cEi2aD8e02q,CSU BORDO,CENTRE DE SANTE,KANKAN,KANKAN
F2000,2000,cHZNHRSeSm1,CSU CBK,CENTRE DE SANTE,CONAKRY,MATOTO
F1914,1914,CVYd25DyW21,CS ADD LAMBANYI,CENTRE DE SANTE,CONAKRY,RATOMA
F1955,1955,eMdru4rMHTv,CLINIQUE KALIMA,CENTRE DE SANTE,NZEREKORE,NZEREKORE
F1986,1986,EwKkUMsXPsh,AGBEF KANKAN,CENTRE DE SANTE,KANKAN,KANKAN
F1952,1952,FyZyKSZJXUG,CSR BOMA  SUD,CENTRE DE SANTE,NZEREKORE,NZEREKORE
F1905,1905,GyQxDH68966,ACCAR ROGER,CENTRE DE SANTE,CONAKRY,MATOTO
F1922,1922,HeYaLCkARpm,CS KALIMA SONFONIA,CENTRE DE SANTE,CONAKRY,RATOMA
F1936,1936,hfUzipMsGS6,TRAORE BANANKORO,CENTRE DE SANTE,KANKAN,KEROUANE
F2009,2014,hwqhGQbaAx3,CSR BADI,CENTRE DE SANTE,KINDIA,DUBREKA
F2007,2008,igTztmu6uT3,HOPITAL JEAN PAUL II,HOPITAL PREFECTORAL/CMC,CONAKRY,RATOMA
F1926,1926,ipSkZ3o2tLU,SESIR,CENTRE DE SANTE,CONAKRY,RATOMA
F1985,1985,iS2ct9RlfVD,AGBEF LABE,CENTRE DE SANTE,LABE,LABE
F1935,1935,JMhEqEjMIfF,SAINT-ALEXIS,CENTRE DE SANTE,KANKAN,SIGUIRI
F1921,1921,k21n5SeV9td,CM CHERUBINS,CENTRE DE SANTE,CONAKRY,RATOMA
F2016,2019,klwfTRTT2eg,LA MAISON CENTRALE (SURETE),CENTRE DE SANTE,CONAKRY,KALOUM
F1956,1956,KruT4KjgNjV,AGBEF NZEREKORE,CENTRE DE SANTE,NZEREKORE,NZEREKORE
F1875,1875,KWXgCdYRoJI,CDT TUBERCULOSE GAOUAL,CENTRE DE SANTE,BOKE,GAOUAL
F1984,1984,KXvSsYrfOiE,AGBEF CAMAYENNE,CENTRE DE SANTE,CONAKRY,DIXINN
F2014,2017,m2MhVjbdigu,CAMP MAKAMBO,CENTRE DE SANTE,CONAKRY,KALOUM
F1937,1937,M9VQvj7rqWM,SSA KEROUANE,CENTRE DE SANTE,KANKAN,KEROUANE
F1975,1975,MDeODRdZ4zZ,CDT TUBERCULOSE FORECARIAH,CENTRE DE SANTE,KINDIA,FORECARIAH
F1908,1908,msdOtKckc4y,CITE DE L'AIR,CENTRE DE SANTE,CONAKRY,MATOTO
F2012,2012,N4x3FcdJJDb,DREAM,CENTRE DE SANTE,CONAKRY,DIXINN
F1999,1999,ncpuAWgx41y,CLINIQUE FEI-TSUI,CENTRE DE SANTE,CONAKRY,MATAM
F1949,1949,nHW9IZ86ohb,CMC NOTRE DAME DE BOWE,CENTRE DE SANTE,NZEREKORE,YOMOU
F1942,1942,nK4Hy0t2SPW,ISAV,CENTRE DE SANTE,FARANAH,FARANAH
F1943,1943,nM6CF5cnv3y,AMIP,CENTRE DE SANTE,FARANAH,FARANAH
F2015,2018,O8XmvZuk3JQ,LA MARINE,CENTRE DE SANTE,CONAKRY,KALOUM
F1911,1911,OcTbVUczsAY,CAMP ALPHA YAYA,CENTRE DE SANTE,CONAKRY,MATOTO
F1907,1907,OghArTrV9ax,SANGOYAH,CENTRE DE SANTE,CONAKRY,MATOTO
F1920,1920,OXVgXhWeP14,ANASTASIS WANINDARA,CENTRE DE SANTE,CONAKRY,RATOMA
F1903,1903,PDWjOCTmhf3,CARAD,CENTRE DE SANTE,CONAKRY,MATOTO
F1923,1923,pe38Qj7uijA,CSA JEAN OURY,CENTRE DE SANTE,CONAKRY,RATOMA
F1974,1974,piwaReIcoRM,CDT TUBERCULOSE DUBREKA,CENTRE DE SANTE,KINDIA,DUBREKA
F1897,1897,PPab61t3EKZ,ASFEGMASSI,CENTRE DE SANTE,CONAKRY,KALOUM
F1946,1946,PseQlCoNNhB,AGBEF KISSIDOUGOU,CENTRE DE SANTE,FARANAH,KISSIDOUGOU
F1977G,2016,Pt2P1fJNJVY,AGBEF GUECKEDOU,CENTRE DE SANTE,NZEREKORE,NZEREKORE
F1998,1998,q22ChJd5w0H,CLINIQUE CIBA,CENTRE DE SANTE,CONAKRY,MATAM
F1898,1898,QBMdibJ1kf3,TOUSSAINT ,CENTRE DE SANTE,CONAKRY,KALOUM
F1932,1932,QbxXQwfaFo3,MORODOU,CENTRE DE SANTE,KANKAN,MANDIANA
F1917,1917,qKV4BU3qoXa,CSA SOLIDARITE,CENTRE DE SANTE,CONAKRY,RATOMA
F1944,1944,Qp3j6j64fI9,CLINIQUE SAGEFEMME MARIE SIDIBE,CENTRE DE SANTE,FARANAH,FARANAH
F2005,2005,qvJ2RSH89aZ,CSU UNIVERSITE SONFONIA,CENTRE DE SANTE,CONAKRY,RATOMA
F1991,1991,rABU7cKn7Ec,CSU TP DE MACENTA,CENTRE DE SANTE,NZEREKORE,MACENTA
F1958,1958,RF8T8qK4dve,INFIRMERIE DE L'UNIVERSITE NZEREKORE,CENTRE DE SANTE,NZEREKORE,NZEREKORE
F1987,1987,rjhbQz6r2dW,AGBEF KINDIA,CENTRE DE SANTE,KINDIA,KINDIA
F1948,1948,ROUmmwHYxgp,CMC SOGUIPAH,CENTRE DE SANTE,NZEREKORE,YOMOU
F1959,1959,sIV3dXyGGgu,INFIRMERIE DE LA MAISON  CENTRALE,CENTRE DE SANTE,NZEREKORE,NZEREKORE
F1902,1902,sR73zSagXoo,SAINT GABRIEL,CENTRE DE SANTE,CONAKRY,MATOTO
F2004,2004,SvWBXueEkix,MISSION ALFA,CENTRE DE SANTE,CONAKRY,MATOTO
F2011,2011,sxIsxVZuZw8,Hopital ANAIM (CBG),CENTRE DE SANTE,CONAKRY,DIXINN
F2006,2007,T3OP6hLSxn7,CLINIQUE  AIME,CENTRE DE SANTE,CONAKRY,RATOMA
F1941,1941,tc64nAbPjy7,HOPITAL RUSAL,CENTRE DE SANTE,BOKE,FRIA
F1947,1947,TLLnexIF6Pi,INFIRMERIE MILITAIRE BEYLA,CENTRE DE SANTE,NZEREKORE,BEYLA
F1896,1896,tRjydJIDfjC,ARCHEVECHE,CENTRE DE SANTE,CONAKRY,KALOUM
F1904,1904,uEzO17t7PfP,BERNAY FOTOBA,CENTRE DE SANTE,CONAKRY,MATOTO
F1962,1962,UjBvAPiW8Kt,CHRS DE MACENTA,CENTRE DE SANTE,NZEREKORE,MACENTA
F1918,1918,ut3JllHDOTJ,AGVS KOLOMA,CENTRE DE SANTE,CONAKRY,RATOMA
F1913,1913,uUFzuFhudUn,AMSOG,CENTRE DE SANTE,CONAKRY,RATOMA
F1873,1873,VHk94RfhbMj,CDT TUBERCULOSE BOKE,CENTRE DE SANTE,BOKE,BOKE
F1996,1996,VN7UqrUeYtx,CLINIQUE AMBROISE PARE,HOPITAL PREFECTORAL/CMC,CONAKRY,DIXINN
F1912,1912,W963jHO6o1y,CM ANNAMEG,CENTRE DE SANTE,CONAKRY,MATOTO
F1997,1997,wbPKq0HdBFk,HOPITAL DU JOUR DONKA,HOPITAL PREFECTORAL/CMC,CONAKRY,DIXINN
F1961,1961,Wd4rTWJMSDl,CS HAFIA FMG,CENTRE DE SANTE,CONAKRY,DIXINN
F1931,1931,XaVjpHrYDSf,SSA,CENTRE DE SANTE,KANKAN,KANKAN
F1930,1930,xFKtwCGH4LU,HEREYADOU,CENTRE DE SANTE,KANKAN,KANKAN
F1899,1899,y7M2x1sWBw1,FMG,CENTRE DE SANTE,CONAKRY,DIXINN
F1928,1928,YBwcTKo8v1l,CAMP ELHA OUMAR,CENTRE DE SANTE,LABE,LABE
F1951,1951,YEPz6sweGuu,SS ARMEE,CENTRE DE SANTE,NZEREKORE,MACENTA
F1538,1538,YzDlCRuWzJW,CSU TELIMELE,CENTRE DE SANTE,KINDIA,TELIMELE
F1900,1900,zbpAbx7Amn5,CMAD,CENTRE DE SANTE,CONAKRY,DIXINN
